domain,project,os,priority,hardware,version,component,severity,assignee,product,status,total
modeling,graphiti,241,119,268,195,27,56,206,25,376,598
iot,californium,3,0,3,0,0,4,20,0,5,66
tools,tmw,0,0,0,0,0,0,0,0,0,0
technology,m2e,64,12,51,143,91,89,333,83,102,1604
foundation,simultaneousrelease,0,0,0,0,0,0,0,0,0,0
rt,vertx,1,0,1,34,1,36,48,0,17,394
modeling,mdt.modisco,20,535,19,159,76,113,728,18,46,984
technology,actf,4,5,2,8,77,23,106,2,34,1013
modeling,acceleo,4,76,4,37,18,51,23,11,40,898
mylyn,mylyndocsintent,0,0,0,0,0,0,0,0,0,0
mylyn,mylynincubator,0,0,0,0,0,0,0,0,0,0
foundation,community,0,0,0,0,0,0,0,0,0,0
iot,vorto,2,2,1,6,36,13,41,1,29,157
mylyn,mylyncommons,0,0,0,0,0,0,0,0,0,0
modeling,sphinx,61,32,61,71,21,36,261,1,64,463
technology,rtsc,130,211,119,6,49,53,657,1,559,1229
ecd,orion,178,327,94,517,1567,543,6864,1287,466,9557
tools,pdt,182,840,83,615,602,473,1423,173,747,5440
webtools,wtpincubator,0,0,0,0,0,0,0,0,0,0
technology,nebula,32,77,16,44,39,46,277,23,53,1118
foundation,drupal,0,0,0,0,0,0,0,0,0,0
technology,ease,60,3,57,60,59,25,29,50,22,454
technology,tigerstripe,1,23,0,6,14,103,218,2,147,1147
modeling,emfstore,46,68,8,15,18,17,212,7,10,528
rt,riena,40,97,32,17,69,51,374,6,70,998
technology,flux,2,2,2,0,1,2,32,0,0,61
science,texlipse,0,0,0,0,0,0,0,0,0,0
rt,yasson,0,0,0,0,0,0,0,0,0,0
modeling,pmf,0,0,0,0,9,0,11,0,0,31
webtools,dalijpatools,0,0,0,0,0,0,0,0,0,0
iot,risev2g,0,0,0,0,0,0,0,0,0,1
technology,technologytoplevel,0,0,0,0,0,0,0,0,0,0
tools,andmore,0,1,0,11,10,0,41,9,19,114
modeling,franca,0,0,0,0,0,0,0,0,0,0
soa,jwt,23,38,6,184,38,15,77,1,31,408
tools,mat,18,1,18,16,8,11,205,4,23,461
modeling,papyrus,1176,271,1197,1471,804,843,3622,40,1894,9634
modeling,mdt.xsd,1,17,0,45,46,46,38,45,259,404
rt,eclipselink,172,1761,167,631,203,647,3995,16,531,7952
technology,xwt,4,1,0,142,297,3,82,297,9,352
modeling,viatra,11,18,8,213,43,42,556,28,127,1037
tools,tracecompass.incubator,0,0,0,0,0,0,0,0,0,0
modeling,emft.henshin,0,0,0,0,4,3,19,0,1,90
modeling,eatop,1,0,1,0,1,0,11,0,5,34
webtools,wtpwebservices,0,0,0,0,0,0,0,0,0,0
rt,smila,14,23,11,17,8,45,110,0,18,216
modeling,emft.doc2model,0,0,0,0,0,0,0,0,0,1
modeling,efm,0,0,0,0,1,1,1,0,0,23
webtools,javaeeconfig,0,0,0,0,0,0,0,0,0,0
webtools,wtpservertools,0,0,0,0,0,0,0,0,0,0
technology,subversive,13,38,8,132,140,88,279,118,112,2591
rt,gemini,1,0,0,0,0,0,0,0,0,5
webtools,wtpsourceediting,0,0,0,0,0,0,0,0,0,0
technology,rcptt,7,8,0,8,5,10,51,2,21,254
modeling,mdt,0,30,0,7,12,21,42,5,48,114
soa,soaplatform,0,0,0,0,0,0,0,0,0,0
rt,ebr,0,0,0,0,0,0,2,0,1,6
technology,vtp,6,30,6,2,4,8,74,0,30,259
rt,gyrex,25,3,25,14,3,19,109,0,3,157
modeling,amp,8,18,8,17,2,14,20,0,6,171
modeling,papyrusrt,0,0,0,0,0,0,0,0,0,0
webtools,wtpcommontools,0,0,0,0,0,0,0,0,0,0
modeling,eef,13,4,14,166,258,22,41,258,10,330
modeling,capra,5,0,1,0,7,1,16,0,7,46
tools,titan,0,1,0,4,2,3,69,1,31,183
technology,sapphire,181,7,185,156,75,115,989,1,219,1189
tools,gef,120,208,87,135,280,241,1248,90,349,2950
tools,oomph,10,10,12,627,218,177,1019,156,142,1438
rt,ecf,78,36,81,160,97,162,650,40,109,1944
technology,scanning,0,0,0,0,0,0,0,0,0,0
technology,nebula.incubator,0,0,0,0,0,0,1,0,1,1
foundation,z_archived,0,0,0,0,0,0,0,0,0,0
rt,gemini.dbaccess,0,0,0,1,0,0,3,0,1,19
science,dawnsci,0,0,0,0,0,0,0,0,0,1
ecd,che,0,0,0,0,1,0,0,0,2,22
iot,kapua,0,0,0,0,0,0,1,0,0,1
iot,unide,0,0,0,0,0,0,0,0,0,0
soa,ebpm,0,0,0,0,0,0,0,0,0,2
tools,linuxtools,0,0,0,0,0,0,0,0,0,0
eclipse,jdt,2542,6192,2080,1981,12375,5164,35685,3610,21574,54535
technology,handly,6,5,7,8,4,12,139,0,18,142
technology,recommenders.incubator,3,2,4,42,6,11,42,5,5,225
mylyn,mylyn,169,3271,67,258,711,1915,4505,142,825,8422
mylyn,mylyndocs,0,0,0,0,0,0,0,0,0,0
iot,wakaama,0,0,0,0,0,0,0,0,0,10
modeling,elk,0,0,0,0,0,0,0,0,0,3
soa,bpel,5,16,2,66,11,14,139,7,15,376
technology,egerrit,2,1,1,2,2,58,176,1,78,394
iot,iofog,0,0,0,0,0,0,0,0,0,0
modeling,gmftooling,0,0,0,0,0,0,0,0,0,0
technology,jnosql,0,0,0,0,0,0,0,0,0,0
datatools,datatools,0,0,0,0,0,0,0,0,0,0
rt,equinox,275,285,145,1342,2852,936,7172,2001,1465,13046
tools,thym,4,0,4,5,2,21,47,2,9,130
tools,mtj,65,76,107,142,147,63,371,11,173,744
mylyn,mylyncontextmft,0,0,0,0,0,0,0,0,0,0
modeling,edapt,2,47,1,5,15,12,45,4,15,125
iot,hawkbit,0,0,0,0,0,0,0,0,0,0
modeling,fmc,0,0,0,0,0,0,0,0,0,9
modeling,amalgam,0,0,0,5,11,7,33,10,12,124
iot,ponte,0,0,0,0,0,0,0,0,0,4
iot,tinydtls,0,1,0,0,0,0,1,0,5,7
tools,ajdt,14,79,4,174,99,100,580,96,67,1465
mylyn,mylyncontext,0,0,0,0,0,0,0,0,0,0
technology,ogee,0,0,0,6,1,3,4,1,4,33
tools,buildship,24,3,20,117,6,44,79,6,79,390
iot,kura,0,0,0,0,0,2,3,0,4,46
modeling,mmt.atl,3,0,0,3,5,8,10,2,20,271
modeling,sirius,179,85,162,85,50,178,796,24,1037,1595
technology,packagedrone,0,0,0,0,0,0,0,0,0,0
technology,hudson,84,17,13,54,84,81,290,39,302,1423
mylyn,mylynbuilds,0,0,0,0,0,0,0,0,0,0
science,chemclipse,1,0,1,0,0,0,0,0,2,22
technology,camf,0,0,0,0,1,1,2,0,0,12
modeling,gmfnotation,0,0,0,0,0,0,0,0,0,0
tools,xtend,48,3,42,173,227,315,264,141,816,2297
technology,stem,47,35,47,1,38,24,367,3,88,437
tools,targetmanagement,0,0,0,0,0,0,0,0,0,0
technology,woolsey,0,2,0,0,2,1,2,2,0,50
tools,tcf,34,24,23,101,221,65,316,182,63,1144
modeling,emft.facet,69,632,67,130,12,116,605,7,42,828
webtools,wtpreleng,0,0,0,0,0,0,0,0,0,0
iot,paho,6,0,6,3,10,3,63,0,17,143
technology,sw360,0,0,0,0,0,0,0,0,0,0
webtools,wtpejbtools,0,0,0,0,0,0,0,0,0,0
modeling,etrice,0,3,0,18,5,64,114,0,4,541
mylyn,mylyndocsvex,0,0,0,0,0,0,0,0,0,0
iot,mihini,0,58,0,0,0,18,47,0,11,121
technology,collections,0,0,0,0,0,0,0,0,0,0
technology,cbi,20,25,14,67,326,54,283,300,48,613
ecd,cft,0,0,0,0,1,1,40,1,3,131
modeling,gmp,8,36,0,13,30,16,143,9,28,245
iot,om2m,0,0,1,2,1,1,21,0,12,44
tools,buckminster,145,40,140,29,28,61,302,12,104,1261
rt,gemini.blueprint,1,0,0,16,8,11,37,6,2,87
rt,gemini.management,0,0,0,22,1,1,38,1,0,49
rt,jetty,86,15,75,213,106,245,1947,6,250,3770
technology,mdmweb,7,0,7,0,0,0,12,0,6,28
ecd,dirigible,4,24,2,94,8,40,13,0,10,320
rt,gemini.web,6,1,5,6,53,13,96,53,9,217
technology,skalli,33,7,30,0,3,8,111,0,3,177
modeling,ocl,4,105,5,90,80,88,333,75,365,1739
modeling,mdt.rmf,27,96,20,0,7,69,141,0,17,347
technology,dltk,61,72,13,577,67,54,345,51,123,1121
technology,gef3d,3,1,3,1,4,2,20,1,7,120
iot,whiskers,0,0,0,0,0,0,0,0,0,0
science,statet,0,0,0,0,0,0,0,0,0,0
soa,stardust,2,0,1,92,59,12,225,0,26,538
technology,m2ewtp,0,0,0,0,0,0,0,0,0,0
tools,damos,0,0,0,0,0,0,0,0,0,6
mylyn,mylynversions,0,0,0,0,0,0,0,0,0,0
technology,lsp4j,0,0,0,0,1,0,1,1,0,1
eclipse,pde,447,541,298,748,2528,1107,7915,1417,3316,15737
technology,lsp4e,10,3,10,0,14,8,24,0,2,60
rt,rap,584,499,503,572,332,533,421,22,330,5011
modeling,mdt.bpmn2,0,0,0,3,0,1,11,0,1,62
technology,openkplatform,0,0,0,0,0,0,0,0,0,0
rt,gemini.naming,0,0,0,1,3,4,16,3,3,26
technology,lyo,39,10,42,75,11,91,578,0,87,881
modeling,emft,7,34,4,73,41,38,123,33,82,604
tools,ldt,17,97,14,46,16,79,200,8,28,381
technology,tm4e,1,0,1,1,1,1,1,1,0,1
modeling,emfcompare,16,26,15,76,78,45,202,22,200,1095
modeling,qvto,5,8,4,22,17,16,149,6,128,967
science,ice,7,3,5,0,2,8,60,1,23,327
tools,windowbuilder,53,8,51,54,66,88,214,62,33,501
tools,pdt.incubator,0,0,0,0,0,0,0,0,0,1
modeling,qvtd,0,0,0,3,93,3,11,6,16,262
science,eavp,0,0,0,0,0,0,2,0,0,4
modeling,tmf,84,63,80,456,222,593,637,66,725,5272
webtools,javaserverfaces,0,0,0,0,0,0,0,0,0,0
modeling,mmt,0,28,0,0,0,3,6,0,1,42
soa,mangrove,0,0,0,1,4,3,4,4,0,13
technology,mbeddr,0,0,0,0,0,0,0,0,0,0
iot,ditto,0,0,0,0,0,0,0,0,0,0
technology,egit,215,5,185,295,234,424,1145,142,301,4085
technology,eclemma,3,0,3,0,0,1,18,0,0,20
technology,mdmbl,0,0,0,0,1,0,1,1,0,2
soa,bpmn2modeler,1,8,0,26,8,39,35,5,109,705
technology,omr,0,0,0,0,0,0,0,0,0,0
iot,krikkit,0,0,0,0,0,0,0,0,0,6
technology,nattable,9,1,3,26,8,64,497,2,119,743
technology,n4js,0,0,0,0,0,0,0,0,0,0
mylyn,mylyntasks,0,0,0,0,0,0,0,0,0,0
technology,jgit,53,5,47,91,106,135,304,104,38,991
webtools,libra,1,1,1,15,56,18,72,41,5,152
modeling,gendoc,0,0,0,3,2,4,34,0,16,106
modeling,emf,101,447,74,2003,1968,778,2686,477,3487,8029
modeling,papyrusxtuml,0,0,0,0,0,0,0,0,0,0
tools,cdt,419,450,226,2371,5106,995,9772,1259,2391,19331
iot,ignite,0,0,0,0,0,0,0,0,0,0
technology,rtp,0,1,1,0,2,0,23,1,1,77
modeling,emft.b3,8,9,6,1,4,9,19,2,1,140
rt,gemini.jpa,3,1,3,21,9,4,6,8,2,126
technology,sisu,0,3,0,42,6,2,89,0,9,130
tools,orbit,20,64,19,18,36,56,650,30,98,1033
technology,scout,193,19,172,137,23,129,1136,0,595,1912
science,richbeans,0,0,0,0,0,0,0,0,0,0
technology,babel,6,28,5,45,89,26,200,53,61,653
technology,osbp,0,0,0,0,0,0,0,0,0,0
technology,mpc,16,22,14,74,118,31,215,117,39,596
technology,efxclipse,4,0,3,14,29,50,74,9,39,1092
tools,tracecompass,2,0,1,89,83,33,152,82,29,500
technology,epf,70,515,61,288,92,313,2312,4,1084,3064
iot,agail,0,0,0,0,0,0,0,0,0,0
rt,apricot,0,0,0,0,1,1,0,1,1,14
technology,osee,130,4,132,36,17,40,266,2,15,355
modeling,emf.parsley,2,0,1,0,5,5,70,0,6,142
tools,atf,8,39,1,8,20,27,123,11,35,493
tools,aspectj,44,541,6,226,239,298,536,185,209,2884
modeling,modeling,0,4,1,17,33,21,47,29,89,217
modeling,emft.refactor,1,0,0,1,2,0,2,1,0,20
technology,dash,5,12,2,2,26,3,47,18,26,199
technology,swtbot,106,28,109,90,41,32,86,7,24,524
webtools,wtpwebsite,0,0,0,0,0,0,0,0,0,0
foundation,workinggroups,0,0,0,0,0,0,0,0,0,0
tools,tools,0,0,0,1,1,0,4,1,1,9
technology,app4mc,0,0,0,0,0,6,36,0,9,47
modeling,m2t,7,89,4,75,65,74,376,46,323,1059
technology,tycho,306,72,308,115,49,206,525,17,89,1060
iot,scada,2,7,1,21,2,7,44,0,7,101
modeling,emft.js4emf,0,0,0,0,0,0,0,0,0,0
modeling,mdht,2,0,2,0,6,0,6,0,4,29
soa,score,0,0,0,0,0,0,0,0,0,1
technology,jubula,164,438,131,71,74,257,914,4,351,2030
technology,usssdk,0,0,0,4,5,2,6,5,0,7
modeling,emf.egf,3,1,3,5,1,5,88,1,33,191
mylyn,mylynreviewsr4e,0,0,0,0,0,0,0,0,0,0
rt,ercp,23,7,4,14,39,36,136,5,119,595
webtools,webtools,0,0,0,0,0,0,0,0,0,0
technology,microprofile,0,0,0,0,0,0,0,0,0,3
iot,milo,0,0,0,0,0,0,0,0,0,0
modeling,ecoretools,0,25,0,44,33,22,107,33,46,293
webtools,jsdt,125,65,122,878,1090,251,1578,1057,182,2439
technology,epp,103,124,92,383,443,111,520,380,86,1558
webtools,wtpjavaeetools,0,0,0,0,0,0,0,0,0,0
modeling,ecp,9,1067,5,30,21,143,698,9,33,1615
iot,4diac,1,0,1,88,4,3,17,0,16,302
mylyn,mylynreviews,0,0,0,0,0,0,0,0,0,0
modeling,gmfruntime,0,0,0,0,0,0,0,0,0,0
technology,recommenders,60,34,55,135,98,114,606,68,66,1206
eclipse,e4,222,25,199,197,185,122,1519,92,381,3478
technology,remus,0,0,0,1,0,1,1,0,8,61
modeling,epsilon,4,3,2,43,248,41,146,248,70,535
eclipse,platform,5895,12216,3050,6617,19943,10372,71021,8418,29395,108813
technology,reddeer,0,0,0,0,0,0,0,0,0,0
tools,ptp,109,298,44,383,277,172,1410,140,203,2732
iot,paho.incubator,0,0,0,0,0,0,0,0,0,0
science,triquetrum,0,0,0,0,0,0,1,0,0,1
modeling,emfservices,0,0,0,0,0,0,0,0,0,0
birt,birt,123,2671,33,584,5058,1308,17923,111,4597,22409
modeling,upr,0,0,0,0,0,0,1,0,0,3
modeling,mdt.uml2,7,253,4,177,131,122,601,86,649,960
tools,objectteams,4,12,3,43,26,15,542,16,321,664
technology,simopenpass,0,0,0,0,0,0,0,0,0,0
rt,virgo,39,8,20,133,72,161,968,8,54,1580
technology,uomo,7,15,4,2,2,9,5,0,0,48
eclipse,incubator,0,0,0,4,4,2,19,4,1,48
technology,sensinact,0,0,0,0,0,0,0,0,0,0
modeling,umlgen,1,0,1,4,4,14,6,0,7,88
modeling,emf.diffmerge,0,0,0,0,0,5,26,0,25,152
